user,trainercode,date,time,status
Bharat,25,20/09/2023,12:19:43,Request Sent
Bharat,15,20/09/2023,12:22:50,Request Sent
Bharat,29,20/09/2023,12:23:55,Request Sent
Bharat,4,20/09/2023,12:27:34,Request Sent
Bharat,1,20/09/2023,12:29:41,Request Sent
Bharat,9,20/09/2023,12:30:35,Request Sent
Bharat,16,20/09/2023,12:32:29,Request Sent
Bharat,6,20/09/2023,14:52:08,Request Sent
Bharat,3,20/09/2023,15:12:40,Request Sent
Bharat,14,20/09/2023,15:14:33,Request Sent
Bharat,1,20/09/2023,17:12:08,Request Sent
