Name,Specialization,Contact,Code
Preston,Yoga,871-5971-54,1
Savana,Gym,966-8026-22,2
Savana,Zumba,570-3703-60,3
April,Cycling,347-1109-72,4
Aiden,Aerobics,500-7333-82,5
Lana,Yoga,181-7462-74,6
Patrick,Gym,433-9859-43,7
Kelvin,Zumba,194-8548-60,8
Aldus,Cycling,222-7872-41,9
Justin,Aerobics,122-2364-35,10
Miley,Yoga,086-7368-71,11
Sienna,Gym,086-2813-70,12
Maddie,Zumba,684-7613-78,13
Joyce,Cycling,220-8762-13,14
Maddie,Aerobics,605-2489-16,15
Aiden,Yoga,341-6775-83,16
Maddie,Gym,763-0170-56,17
Byron,Zumba,945-1472-95,18
Michelle,Cycling,599-2152-88,19
Nicholas,Aerobics,225-1730-71,20
Luke,Yoga,054-0723-32,21
Fiona,Gym,839-7710-86,22
Arianna,Zumba,359-0713-43,23
Andrew,Cycling,292-1724-92,24
Maximilian,Aerobics,539-4917-30,25
Edwin,Yoga,090-1836-49,26
Audrey,Gym,950-9388-65,27
Adison,Zumba,707-0445-36,28
Ted,Cycling,066-3574-53,29
Tara,Aerobics,472-3574-01,30
